1962,124244,64258,1,0,0,123,138,18,1679,934324,1
2962,255636,144505,1,0,0,123,138,18,1449,933270,1
3963,379593,227108,1,0,0,138,138,19,2503,1093025,1
4963,475537,288084,1,0,0,138,138,19,2503,1093025,1
5963,573413,350108,1,0,0,138,138,19,2503,1093025,1
6963,679636,419430,1,0,0,138,138,19,2503,1093025,1
7964,781169,485140,1,0,0,138,138,19,2503,1093025,1
8964,899497,561760,1,0,0,138,138,19,2503,1093025,1
9964,1021987,641154,1,0,0,138,138,19,2503,1093025,1
10964,1129884,709489,1,0,0,138,138,19,2503,1093025,1
11964,1225988,769667,1,0,0,138,138,19,2503,1093025,1
12964,1322944,833860,1,0,0,138,138,19,2503,1093025,1
13965,1420972,898997,1,0,0,138,138,19,2503,1093025,1
14965,1518289,965685,1,0,0,138,138,19,2503,1093025,1
15965,1615981,1029775,1,0,0,138,138,19,2503,1093025,1
16965,1724181,1102511,1,0,0,138,138,19,2503,1093025,1
17966,1820604,1166526,1,0,0,138,138,19,2503,1093025,1
18966,1915271,1230143,1,0,0,138,138,19,2503,1093025,1
19966,2010202,1293033,1,0,0,138,138,19,2503,1093025,1
20966,2099128,1351138,1,0,0,138,138,19,2503,1093025,1
21967,2191884,1412155,1,0,0,138,138,19,2503,1093025,1
22967,2284956,1475129,1,0,0,138,138,19,2503,1093025,1
23967,2375370,1534689,1,0,0,138,138,19,2503,1093025,1
24967,2470043,1597318,1,0,0,138,138,19,2503,1093025,1
25968,2568310,1663007,1,0,0,138,138,19,2503,1093025,1
26968,2658560,1724473,1,0,0,138,138,19,2503,1093025,1
27968,2746326,1783961,1,0,0,138,138,19,2503,1093025,1
28968,2837127,1843989,1,0,0,138,138,19,2503,1093025,1
29969,2927190,1902412,1,0,0,138,138,19,2503,1093025,1
30969,3015660,1963116,1,0,0,138,138,19,2503,1093025,1
31969,3105073,2021901,1,0,0,138,138,19,2503,1093025,1
32969,3193981,2079699,1,0,0,138,138,19,2503,1093025,1
33970,3282405,2136355,1,0,0,138,138,19,2503,1093025,1
34970,3373450,2195932,1,0,0,138,138,19,2503,1093025,1
35970,3462831,2256409,1,0,0,138,138,19,2503,1093025,1
36970,3549278,2311674,1,0,0,138,138,19,2503,1093025,1
37971,3634433,2366160,1,0,0,138,138,19,2503,1093025,1
38971,3722434,2424077,1,0,0,138,138,19,2503,1093025,1
39971,3815637,2483585,1,0,0,138,138,19,2503,1093025,1
40972,3901842,2542692,1,0,0,138,138,19,2503,1093025,1
41972,3996673,2605252,1,0,0,138,138,19,2503,1093025,1
42973,4088267,2665742,1,0,0,138,138,19,2503,1093025,1
43976,4175731,2723249,1,0,0,138,138,19,2503,1093025,1
44976,4261992,2779036,1,0,0,138,138,19,2503,1093025,1
45976,4343811,2834913,1,0,0,138,138,19,2503,1093025,1
46976,4427549,2892096,1,0,0,138,138,19,2503,1093025,1
47976,4517137,2950053,1,0,0,138,138,19,2503,1093025,1
48977,4610030,3012461,1,0,0,138,138,19,2503,1093025,1
49977,4705309,3078192,1,0,0,138,138,19,2503,1093025,1
50977,4793526,3136628,1,0,0,138,138,19,2503,1093025,1
51977,4876247,3191282,1,0,0,138,138,19,2503,1093025,1
52978,4966848,3251570,1,0,0,138,138,19,2503,1093025,1
53978,5049818,3306838,1,0,0,138,138,19,2503,1093025,1
54979,5133174,3362834,1,0,0,138,138,19,2503,1093025,1
55979,5219408,3420598,1,0,0,138,138,19,2503,1093025,1
56979,5307235,3480128,1,0,0,138,138,19,2503,1093025,1
57979,5395893,3538313,1,0,0,138,138,19,2503,1093025,1
58980,5482158,3597869,1,0,0,138,138,19,2503,1093025,1
59980,5571188,3656369,1,0,0,138,138,19,2503,1093025,1
60980,5657486,3714437,1,0,0,138,138,19,2503,1093025,1
61999,5737612,3767280,1,0,0,138,138,19,2503,1093025,1
63000,5820359,3823630,1,0,0,138,138,19,2503,1093025,1
64000,5909649,3882502,1,0,0,138,138,19,2503,1093025,1
65000,5996623,3939764,1,0,0,138,138,19,2503,1093025,1
66000,6079226,3996598,1,0,0,138,138,19,2503,1093025,1
67000,6166789,4054824,1,0,0,138,138,19,2503,1093025,1
68001,6256920,4115532,1,0,0,138,138,19,2503,1093025,1
69001,6342980,4172453,1,0,0,138,138,19,2503,1093025,1
70001,6429358,4230823,1,0,0,138,138,19,2503,1093025,1
71001,6514750,4287348,1,0,0,138,138,19,2503,1093025,1
72002,6603325,4345260,1,0,0,138,138,19,2503,1093025,1
73002,6692369,4404732,1,0,0,138,138,19,2503,1093025,1
74003,6782399,4463151,1,0,0,138,138,19,2503,1093025,1
75003,6871979,4522953,1,0,0,138,138,19,2503,1093025,1
76003,6959636,4579271,1,0,0,138,138,19,2503,1093025,1
77003,7042527,4634911,1,0,0,138,138,19,2503,1093025,1
78004,7121968,4689403,1,0,0,138,138,19,2503,1093025,1
79004,7207357,4745643,1,0,0,138,138,19,2503,1093025,1
80004,7290127,4801367,1,0,0,138,138,19,2503,1093025,1
81004,7378403,4862359,1,0,0,138,138,19,2503,1093025,1
82005,7465422,4918921,1,0,0,138,138,19,2503,1093025,1
83005,7553090,4978794,1,0,0,138,138,19,2503,1093025,1
84005,7627975,5029164,1,0,0,138,138,19,2503,1093025,1
85006,7701267,5078698,1,0,0,138,138,19,2503,1093025,1
86006,7775042,5127798,1,0,0,138,138,19,2503,1093025,1
87006,7849667,5177186,1,0,0,138,138,19,2503,1093025,1
88006,7925873,5227369,1,0,0,138,138,19,2503,1093025,1
89007,8002625,5280434,1,0,0,138,138,19,2503,1093025,1
90007,8078176,5331770,1,0,0,138,138,19,2503,1093025,1
91007,8152624,5380009,1,0,0,138,138,19,2503,1093025,1
92007,8227276,5430599,1,0,0,138,138,19,2503,1093025,1
93008,8297007,5476752,1,0,0,138,138,19,2503,1093025,1
94008,8363267,5520823,1,0,0,138,138,19,2503,1093025,1
95008,8430818,5565150,1,0,0,138,138,19,2503,1093025,1
96009,8503836,5614387,1,0,0,138,138,19,2503,1093025,1
97009,8576017,5664761,1,0,0,138,138,19,2503,1093025,1
98009,8649728,5713330,1,0,0,138,138,19,2503,1093025,1
99010,8723116,5761811,1,0,0,138,138,19,2503,1093025,1
100010,8793827,5811096,1,0,0,138,138,19,2503,1093025,1
101010,8866954,5860693,1,0,0,138,138,19,2503,1093025,1
102011,8938416,5908240,1,0,0,138,138,19,2503,1093025,1
103011,9011151,5957236,1,0,0,138,138,19,2503,1093025,1
104011,9087270,6008174,1,0,0,138,138,19,2503,1093025,1
105011,9159738,6056744,1,0,0,138,138,19,2503,1093025,1
106012,9234152,6106476,1,0,0,138,138,19,2503,1093025,1
107012,9305086,6154452,1,0,0,138,138,19,2503,1093025,1
108013,9373237,6201140,1,0,0,138,138,19,2503,1093025,1
109013,9440062,6246905,1,0,0,138,138,19,2503,1093025,1
110014,9506665,6292450,1,0,0,138,138,19,2503,1093025,1
111014,9570405,6334853,1,0,0,138,138,19,2503,1093025,1
112014,9640714,6382435,1,0,0,138,138,19,2503,1093025,1
113015,9717566,6434206,1,0,0,138,138,19,2503,1093025,1
114015,9793733,6483846,1,0,0,138,138,19,2503,1093025,1
115016,9865165,6530975,1,0,0,138,138,19,2503,1093025,1
116016,9931771,6575215,1,0,0,138,138,19,2503,1093025,1
117016,10002581,6623808,1,0,0,138,138,19,2503,1093025,1
118016,10073308,6674887,1,0,0,138,138,19,2503,1093025,1
119016,10142646,6722653,1,0,0,138,138,19,2503,1093025,1
120016,10217414,6773188,1,0,0,138,138,19,2503,1093025,1
121017,10291210,6822687,1,0,0,138,138,19,2503,1093025,1
122017,10364675,6871678,1,0,0,138,138,19,2503,1093025,1
123017,10434658,6917720,1,0,0,138,138,19,2503,1093025,1
124018,10502772,6965084,1,0,0,138,138,19,2503,1093025,1
125018,10574761,7013359,1,0,0,138,138,19,2503,1093025,1
126018,10640576,7056576,1,0,0,138,138,19,2503,1093025,1
127018,10708105,7105058,1,0,0,138,138,19,2503,1093025,1
128019,10771771,7148282,1,0,0,138,138,19,2503,1093025,1
129019,10839541,7194958,1,0,0,138,138,19,2503,1093025,1
130019,10912643,7243585,1,0,0,138,138,19,2503,1093025,1
131020,10976049,7286659,1,0,0,138,138,19,2503,1093025,1
132020,11045465,7332288,1,0,0,138,138,19,2503,1093025,1
133020,11111642,7375908,1,0,0,138,138,19,2503,1093025,1
134020,11180093,7420931,1,0,0,138,138,19,2503,1093025,1
135020,11248406,7465805,1,0,0,138,138,19,2503,1093025,1
136021,11322808,7515029,1,0,0,138,138,19,2503,1093025,1
137021,11404139,7569176,1,0,0,138,138,19,2503,1093025,1
138022,11476502,7619279,1,0,0,138,138,19,2503,1093025,1
139022,11553210,7670072,1,0,0,138,138,19,2503,1093025,1
140022,11627167,7720055,1,0,0,138,138,19,2503,1093025,1
141022,11701657,7771414,1,0,0,138,138,19,2503,1093025,1
142022,11770772,7818639,1,0,0,138,138,19,2503,1093025,1
143023,11840372,7865293,1,0,0,138,138,19,2503,1093025,1
144023,11915816,7916359,1,0,0,138,138,19,2503,1093025,1
145023,11994796,7967030,1,0,0,138,138,19,2503,1093025,1
146024,12073913,8021436,1,0,0,138,138,19,2503,1093025,1
147024,12148286,8073590,1,0,0,138,138,19,2503,1093025,1
148024,12219257,8122210,1,0,0,138,138,19,2503,1093025,1
149025,12290695,8169534,1,0,0,138,138,19,2503,1093025,1
150025,12360690,8218291,1,0,0,138,138,19,2503,1093025,1
151025,12431759,8264438,1,0,0,138,138,19,2503,1093025,1
152026,12510768,8317610,1,0,0,138,138,19,2503,1093025,1
153026,12585380,8367984,1,0,0,138,138,19,2503,1093025,1
154026,12663025,8422944,1,0,0,138,138,19,2503,1093025,1
155027,12736022,8473787,1,0,0,138,138,19,2503,1093025,1
156027,12809073,8522490,1,0,0,138,138,19,2503,1093025,1
157027,12882412,8572658,1,0,0,138,138,19,2503,1093025,1
158028,12959667,8624228,1,0,0,138,138,19,2503,1093025,1
159028,13031297,8673731,1,0,0,138,138,19,2503,1093025,1
160028,13102456,8721511,1,0,0,138,138,19,2503,1093025,1
161029,13176208,8771538,1,0,0,138,138,19,2503,1093025,1
162029,13254318,8824214,1,0,0,138,138,19,2503,1093025,1
163030,13330638,8877034,1,0,0,138,138,19,2503,1093025,1
164030,13402364,8926055,1,0,0,138,138,19,2503,1093025,1
165030,13472892,8974218,1,0,0,138,138,19,2503,1093025,1
166031,13542664,9020479,1,0,0,138,138,19,2503,1093025,1
167031,13614550,9067413,1,0,0,138,138,19,2503,1093025,1
168031,13689321,9117594,1,0,0,138,138,19,2503,1093025,1
169034,13761120,9166983,1,0,0,138,138,19,2503,1093025,1
170035,13838246,9217340,1,0,0,138,138,19,2503,1093025,1
171035,13917430,9269202,1,0,0,138,138,19,2503,1093025,1
172035,13992579,9319955,1,0,0,138,138,19,2503,1093025,1
173035,14067005,9371416,1,0,0,138,138,19,2503,1093025,1
174036,14136648,9417041,1,0,0,138,138,19,2503,1093025,1
175036,14206372,9463225,1,0,0,138,138,19,2503,1093025,1
176036,14283291,9514208,1,0,0,138,138,19,2503,1093025,1
177036,14359652,9564433,1,0,0,138,138,19,2503,1093025,1
178037,14437757,9618415,1,0,0,138,138,19,2503,1093025,1
179037,14513748,9670251,1,0,0,138,138,19,2503,1093025,1
180037,14589236,9722422,1,0,0,138,138,19,2503,1093025,1
181038,14661716,9771545,1,0,0,138,138,19,2503,1093025,1
182038,14736875,9822086,1,0,0,138,138,19,2503,1093025,1
183038,14808010,9869267,1,0,0,138,138,19,2503,1093025,1
184039,14879733,9918453,1,0,0,138,138,19,2503,1093025,1
185039,14953114,9968294,1,0,0,138,138,19,2503,1093025,1
186039,15026893,10018197,1,0,0,138,138,19,2503,1093025,1
187040,15097375,10067120,1,0,0,138,138,19,2503,1093025,1
188040,15176680,10118044,1,0,0,138,138,19,2503,1093025,1
189040,15252442,10170395,1,0,0,138,138,19,2503,1093025,1
190041,15323894,10217819,1,0,0,138,138,19,2503,1093025,1
191041,15400064,10268996,1,0,0,138,138,19,2503,1093025,1
192041,15473204,10318935,1,0,0,138,138,19,2503,1093025,1
193042,15547403,10368899,1,0,0,138,138,19,2503,1093025,1
194042,15625296,10420835,1,0,0,138,138,19,2503,1093025,1
195043,15700258,10472019,1,0,0,138,138,19,2503,1093025,1
196043,15773700,10521161,1,0,0,138,138,19,2503,1093025,1
197044,15842797,10567639,1,0,0,138,138,19,2503,1093025,1
198044,15911374,10615558,1,0,0,138,138,19,2503,1093025,1
199044,15981873,10662901,1,0,0,138,138,19,2503,1093025,1
200044,16055252,10713220,1,0,0,138,138,19,2503,1093025,1
201045,16126593,10759693,1,0,0,138,138,19,2503,1093025,1
202045,16198799,10807655,1,0,0,138,138,19,2503,1093025,1
203046,16267391,10853916,1,0,0,138,138,19,2503,1093025,1
204046,16343083,10903343,1,0,0,138,138,19,2503,1093025,1
205047,16407516,10945424,1,0,0,138,138,19,2503,1093025,1
206048,16477514,10992363,1,0,0,138,138,19,2503,1093025,1
207049,16545518,11039175,1,0,0,138,138,19,2503,1093025,1
208049,16610805,11085403,1,0,0,138,138,19,2503,1093025,1
209050,16678878,11131417,1,0,0,138,138,19,2503,1093025,1
210050,16753030,11180361,1,0,0,138,138,19,2503,1093025,1
211050,16823658,11226260,1,0,0,138,138,19,2503,1093025,1
212050,16894216,11273622,1,0,0,138,138,19,2503,1093025,1
213051,16968030,11322103,1,0,0,138,138,19,2503,1093025,1
214051,17040008,11368374,1,0,0,138,138,19,2503,1093025,1
215051,17107165,11416218,1,0,0,138,138,19,2503,1093025,1
216052,17175134,11461596,1,0,0,138,138,19,2503,1093025,1
217052,17245057,11509608,1,0,0,138,138,19,2503,1093025,1
218052,17317287,11560448,1,0,0,138,138,19,2503,1093025,1
219053,17387698,11608624,1,0,0,138,138,19,2503,1093025,1
220053,17459307,11655101,1,0,0,138,138,19,2503,1093025,1
221053,17530313,11701888,1,0,0,138,138,19,2503,1093025,1
222054,17604970,11752600,1,0,0,138,138,19,2503,1093025,1
223054,17676616,11800653,1,0,0,138,138,19,2503,1093025,1
224054,17753628,11850877,1,0,0,138,138,19,2503,1093025,1
225055,17825779,11901518,1,0,0,138,138,19,2503,1093025,1
226055,17899998,11950826,1,0,0,138,138,19,2503,1093025,1
227055,17969292,11997438,1,0,0,138,138,19,2503,1093025,1
228055,18043618,12048584,1,0,0,138,138,19,2503,1093025,1
229056,18114036,12097244,1,0,0,138,138,19,2503,1093025,1
230056,18183304,12144097,1,0,0,138,138,19,2503,1093025,1
231056,18256001,12194015,1,0,0,138,138,19,2503,1093025,1
232056,18328723,12242547,1,0,0,138,138,19,2503,1093025,1
233057,18400057,12289600,1,0,0,138,138,19,2503,1093025,1
234057,18474782,12339837,1,0,0,138,138,19,2503,1093025,1
235059,18544642,12386164,1,0,0,138,138,19,2503,1093025,1
236059,18618144,12434831,1,0,0,138,138,19,2503,1093025,1
237059,18690684,12483602,1,0,0,138,138,19,2503,1093025,1
238060,18764351,12533561,1,0,0,138,138,19,2503,1093025,1
239060,18836149,12580628,1,0,0,138,138,19,2503,1093025,1
240061,18908335,12627679,1,0,0,138,138,19,2503,1093025,1
241062,18979292,12676006,1,0,0,138,138,19,2503,1093025,1
242062,19049211,12724280,1,0,0,138,138,19,2503,1093025,1
243062,19117279,12771808,1,0,0,138,138,19,2503,1093025,1
244062,19191963,12822474,1,0,0,138,138,19,2503,1093025,1
245063,19261962,12872669,1,0,0,138,138,19,2503,1093025,1
246063,19330587,12919663,1,0,0,138,138,19,2503,1093025,1
247063,19404459,12967229,1,0,0,138,138,19,2503,1093025,1
248063,19473900,13013610,1,0,0,138,138,19,2503,1093025,1
249064,19548060,13064036,1,0,0,138,138,19,2503,1093025,1
250064,19616200,13110281,1,0,0,138,138,19,2503,1093025,1
251064,19686197,13158912,1,0,0,138,138,19,2503,1093025,1
252065,19755992,13208284,1,0,0,138,138,19,2503,1093025,1
253065,19827845,13256661,1,0,0,138,138,19,2503,1093025,1
254066,19898784,13306432,1,0,0,138,138,19,2503,1093025,1
255066,19969837,13354226,1,0,0,138,138,19,2503,1093025,1
256066,20043471,13403380,1,0,0,138,138,19,2503,1093025,1
257067,20120199,13454588,1,0,0,138,138,19,2503,1093025,1
258067,20192970,13499932,1,0,0,138,138,19,2503,1093025,1
259067,20266625,13548973,1,0,0,138,138,19,2503,1093025,1
260067,20339176,13596910,1,0,0,138,138,19,2503,1093025,1
261068,20412488,13647279,1,0,0,138,138,19,2503,1093025,1
262068,20485323,13694700,1,0,0,138,138,19,2503,1093025,1
263068,20558335,13744491,1,0,0,138,138,19,2503,1093025,1
264068,20631449,13794292,1,0,0,138,138,19,2503,1093025,1
265069,20709885,13848402,1,0,0,138,138,19,2503,1093025,1
266069,20784528,13897021,1,0,0,138,138,19,2503,1093025,1
267069,20857930,13945311,1,0,0,138,138,19,2503,1093025,1
268070,20922443,13988514,1,0,0,138,138,19,2503,1093025,1
269070,20992535,14035760,1,0,0,138,138,19,2503,1093025,1
270071,21057164,14080622,1,0,0,138,138,19,2503,1093025,1
271071,21130346,14129012,1,0,0,138,138,19,2503,1093025,1
272071,21204346,14179837,1,0,0,138,138,19,2503,1093025,1
273072,21280924,14229377,1,0,0,138,138,19,2503,1093025,1
274072,21350671,14277658,1,0,0,138,138,19,2503,1093025,1
275073,21417489,14323703,1,0,0,138,138,19,2503,1093025,1
276073,21486194,14370267,1,0,0,138,138,19,2503,1093025,1
277073,21560374,14417368,1,0,0,138,138,19,2503,1093025,1
278073,21633410,14467035,1,0,0,138,138,19,2503,1093025,1
279074,21701276,14512576,1,0,0,138,138,19,2503,1093025,1
280075,21770301,14558429,1,0,0,138,138,19,2503,1093025,1
281076,21831887,14600457,1,0,0,138,138,19,2503,1093025,1
282076,21897963,14644750,1,0,0,138,138,19,2503,1093025,1
283076,21967084,14691009,1,0,0,138,138,19,2503,1093025,1
284077,22031849,14732811,1,0,0,138,138,19,2503,1093025,1
285077,22098627,14778310,1,0,0,138,138,19,2503,1093025,1
286078,22169375,14825928,1,0,0,138,138,19,2503,1093025,1
287078,22240040,14873722,1,0,0,138,138,19,2503,1093025,1
288078,22307713,14919722,1,0,0,138,138,19,2503,1093025,1
289078,22376943,14967810,1,0,0,138,138,19,2503,1093025,1
290078,22452432,15019018,1,0,0,138,138,19,2503,1093025,1
291079,22525052,15066244,1,0,0,138,138,19,2503,1093025,1
292079,22597960,15114196,1,0,0,138,138,19,2503,1093025,1
293079,22670038,15163256,1,0,0,138,138,19,2503,1093025,1
294079,22742310,15211541,1,0,0,138,138,19,2503,1093025,1
295080,22812258,15260512,1,0,0,138,138,19,2503,1093025,1
296080,22879526,15305765,1,0,0,138,138,19,2503,1093025,1
297080,22948205,15351031,1,0,0,138,138,19,2503,1093025,1
298080,23020362,15397635,1,0,0,138,138,19,2503,1093025,1
299081,23089042,15441841,1,0,0,138,138,19,2503,1093025,1
300081,23160814,15490108,1,0,0,138,138,19,2503,1093025,1
301082,23225118,15533341,1,0,0,138,138,19,2503,1093025,1
302082,23294097,15578723,1,0,0,138,138,19,2503,1093025,1
303083,23362126,15619935,1,0,0,138,138,19,2503,1093025,1
304083,23427400,15664952,1,0,0,138,138,19,2503,1093025,1
305084,23494139,15711485,1,0,0,138,138,19,2503,1093025,1
306084,23568116,15762441,1,0,0,138,138,19,2503,1093025,1
307084,23642856,15811383,1,0,0,138,138,19,2503,1093025,1
308084,23718933,15861722,1,0,0,138,138,19,2503,1093025,1
309085,23786596,15907299,1,0,0,138,138,19,2503,1093025,1
310085,23856997,15956885,1,0,0,138,138,19,2503,1093025,1
311086,23930048,16006582,1,0,0,138,138,19,2503,1093025,1
312086,24003381,16054647,1,0,0,138,138,19,2503,1093025,1
313087,24074732,16101503,1,0,0,138,138,19,2503,1093025,1
314087,24146403,16150370,1,0,0,138,138,19,2503,1093025,1
315087,24224996,16202538,1,0,0,138,138,19,2503,1093025,1
316088,24301082,16253518,1,0,0,138,138,19,2503,1093025,1
317088,24377741,16303270,1,0,0,138,138,19,2503,1093025,1
318088,24447614,16350949,1,0,0,138,138,19,2503,1093025,1
319089,24518542,16396256,1,0,0,138,138,19,2503,1093025,1
320089,24588915,16444396,1,0,0,138,138,19,2503,1093025,1
321089,24660564,16492945,1,0,0,138,138,19,2503,1093025,1
322089,24731335,16539651,1,0,0,138,138,19,2503,1093025,1
323092,24801440,16586253,1,0,0,138,138,19,2503,1093025,1
324092,24875252,16636035,1,0,0,138,138,19,2503,1093025,1
325093,24949455,16685026,1,0,0,138,138,19,2503,1093025,1
326093,25022007,16735102,1,0,0,138,138,19,2503,1093025,1
327094,25100703,16787191,1,0,0,138,138,19,2503,1093025,1
328094,25172231,16835052,1,0,0,138,138,19,2503,1093025,1
329094,25247109,16884056,1,0,0,138,138,19,2503,1093025,1
330094,25320618,16933797,1,0,0,138,138,19,2503,1093025,1
331095,25392695,16983477,1,0,0,138,138,19,2503,1093025,1
332095,25465901,17033825,1,0,0,138,138,19,2503,1093025,1
333096,25538417,17082277,1,0,0,138,138,19,2503,1093025,1
334096,25610337,17130994,1,0,0,138,138,19,2503,1093025,1
335096,25680402,17177976,1,0,0,138,138,19,2503,1093025,1
336097,25758159,17231345,1,0,0,138,138,19,2503,1093025,1
337097,25831628,17281205,1,0,0,138,138,19,2503,1093025,1
338097,25903414,17330401,1,0,0,138,138,19,2503,1093025,1
339097,25976040,17378005,1,0,0,138,138,19,2503,1093025,1
340097,26046043,17424682,1,0,0,138,138,19,2503,1093025,1
341098,26115031,17471062,1,0,0,138,138,19,2503,1093025,1
342098,26187246,17518562,1,0,0,138,138,19,2503,1093025,1
343098,26260669,17566931,1,0,0,138,138,19,2503,1093025,1
344099,26331953,17615585,1,0,0,138,138,19,2503,1093025,1
345099,26402784,17663129,1,0,0,138,138,19,2503,1093025,1
346099,26474877,17710397,1,0,0,138,138,19,2503,1093025,1
347099,26551042,17761200,1,0,0,138,138,19,2503,1093025,1
348100,26625108,17812661,1,0,0,138,138,19,2503,1093025,1
349100,26698841,17862368,1,0,0,138,138,19,2503,1093025,1
350100,26777551,17916694,1,0,0,138,138,19,2503,1093025,1
351100,26847815,17962112,1,0,0,138,138,19,2503,1093025,1
352101,26916858,18007748,1,0,0,138,138,19,2503,1093025,1
353101,26990190,18058368,1,0,0,138,138,19,2503,1093025,1
354101,27058514,18104623,1,0,0,138,138,19,2503,1093025,1
355101,27125828,18150072,1,0,0,138,138,19,2503,1093025,1
356102,27194116,18196988,1,0,0,138,138,19,2503,1093025,1
357104,27265513,18245173,1,0,0,138,138,19,2503,1093025,1
358104,27337630,18295119,1,0,0,138,138,19,2503,1093025,1
359105,27414608,18346479,1,0,0,138,138,19,2503,1093025,1
360105,27489944,18397410,1,0,0,138,138,19,2503,1093025,1
361105,27564669,18448139,1,0,0,138,138,19,2503,1093025,1
362105,27636281,18497348,1,0,0,138,138,19,2503,1093025,1
363106,27706952,18545679,1,0,0,138,138,19,2503,1093025,1
364106,27779252,18594643,1,0,0,138,138,19,2503,1093025,1
365106,27849985,18641862,1,0,0,138,138,19,2503,1093025,1
366107,27919643,18690720,1,0,0,138,138,19,2503,1093025,1
367108,27994015,18741122,1,0,0,138,138,19,2503,1093025,1
368108,28065043,18788766,1,0,0,138,138,19,2503,1093025,1
369108,28140251,18840221,1,0,0,138,138,19,2503,1093025,1
370109,28210545,18889039,1,0,0,138,138,19,2503,1093025,1
371109,28279368,18937229,1,0,0,138,138,19,2503,1093025,1
372109,28351498,18986645,1,0,0,138,138,19,2503,1093025,1
373110,28424918,19036589,1,0,0,138,138,19,2503,1093025,1
374110,28495529,19084217,1,0,0,138,138,19,2503,1093025,1
375110,28566707,19131121,1,0,0,138,138,19,2503,1093025,1
376110,28636107,19175544,1,0,0,138,138,19,2503,1093025,1
377111,28704463,19219756,1,0,0,138,138,19,2503,1093025,1
378111,28776298,19268330,1,0,0,138,138,19,2503,1093025,1
379111,28848646,19316309,1,0,0,138,138,19,2503,1093025,1
380112,28922779,19365711,1,0,0,138,138,19,2503,1093025,1
381112,28997416,19417514,1,0,0,138,138,19,2503,1093025,1
382112,29072876,19468386,1,0,0,138,138,19,2503,1093025,1
383113,29140482,19514391,1,0,0,138,138,19,2503,1093025,1
384113,29212573,19563275,1,0,0,138,138,19,2503,1093025,1
385113,29287123,19613020,1,0,0,138,138,19,2503,1093025,1
386114,29364720,19666752,1,0,0,138,138,19,2503,1093025,1
387114,29435908,19715943,1,0,0,138,138,19,2503,1093025,1
388114,29511795,19767671,1,0,0,138,138,19,2503,1093025,1
389115,29584149,19817549,1,0,0,138,138,19,2503,1093025,1
390115,29653430,19865620,1,0,0,138,138,19,2503,1093025,1
391116,29729671,19914970,1,0,0,138,138,19,2503,1093025,1
392117,29801587,19962616,1,0,0,138,138,19,2503,1093025,1
393118,29874572,20012262,1,0,0,138,138,19,2503,1093025,1
394118,29942880,20060609,1,0,0,138,138,19,2503,1093025,1
395118,30020607,20111403,1,0,0,138,138,19,2503,1093025,1
396119,30092498,20161254,1,0,0,138,138,19,2503,1093025,1
397119,30167249,20209872,1,0,0,138,138,19,2503,1093025,1
398119,30244330,20259798,1,0,0,138,138,19,2503,1093025,1
399119,30314909,20305840,1,0,0,138,138,19,2503,1093025,1
400120,30388395,20355304,1,0,0,138,138,19,2503,1093025,1
401120,30457077,20402403,1,0,0,138,138,19,2503,1093025,1
402120,30525088,20449499,1,0,0,138,138,19,2503,1093025,1
403122,30599381,20499170,1,0,0,138,138,19,2503,1093025,1
404122,30672712,20545395,1,0,0,138,138,19,2503,1093025,1
405122,30745397,20594093,1,0,0,138,138,19,2503,1093025,1
406123,30817154,20641426,1,0,0,138,138,19,2503,1093025,1
407123,30889183,20690375,1,0,0,138,138,19,2503,1093025,1
408124,30960877,20739434,1,0,0,138,138,19,2503,1093025,1
409124,31035744,20789281,1,0,0,138,138,19,2503,1093025,1
410124,31108578,20836848,1,0,0,138,138,19,2503,1093025,1
411125,31186287,20887480,1,0,0,138,138,19,2503,1093025,1
412125,31261047,20936983,1,0,0,138,138,19,2503,1093025,1
413125,31334261,20984905,1,0,0,138,138,19,2503,1093025,1
414126,31407623,21036184,1,0,0,138,138,19,2503,1093025,1
415126,31482955,21085549,1,0,0,138,138,19,2503,1093025,1
416126,31555253,21134127,1,0,0,138,138,19,2503,1093025,1
417127,31631872,21184199,1,0,0,138,138,19,2503,1093025,1
418127,31702620,21230765,1,0,0,138,138,19,2503,1093025,1
419127,31772383,21277476,1,0,0,138,138,19,2503,1093025,1
420127,31843850,21325819,1,0,0,138,138,19,2503,1093025,1
421128,31917473,21376220,1,0,0,138,138,19,2503,1093025,1
422128,31989623,21423792,1,0,0,138,138,19,2503,1093025,1
423128,32067548,21475951,1,0,0,138,138,19,2503,1093025,1
424129,32140920,21525987,1,0,0,138,138,19,2503,1093025,1
425129,32214440,21575865,1,0,0,138,138,19,2503,1093025,1
426129,32289914,21629246,1,0,0,138,138,19,2503,1093025,1
427129,32364025,21678237,1,0,0,138,138,19,2503,1093025,1
428130,32433452,21727211,1,0,0,138,138,19,2503,1093025,1
429130,32504094,21774194,1,0,0,138,138,19,2503,1093025,1
430130,32573752,21823052,1,0,0,138,138,19,2503,1093025,1
431131,32648076,21872497,1,0,0,138,138,19,2503,1093025,1
432131,32723093,21920595,1,0,0,138,138,19,2503,1093025,1
433131,32793840,21966038,1,0,0,138,138,19,2503,1093025,1
434132,32864528,22014621,1,0,0,138,138,19,2503,1093025,1
435132,32940789,22065303,1,0,0,138,138,19,2503,1093025,1
436132,33015115,22113640,1,0,0,138,138,19,2503,1093025,1
437133,33086786,22162477,1,0,0,138,138,19,2503,1093025,1
438133,33160629,22212376,1,0,0,138,138,19,2503,1093025,1
439133,33229155,22259556,1,0,0,138,138,19,2503,1093025,1
440133,33302490,22307003,1,0,0,138,138,19,2503,1093025,1
441133,33376292,22357747,1,0,0,138,138,19,2503,1093025,1
442134,33449333,22405359,1,0,0,138,138,19,2503,1093025,1
443134,33522730,22453691,1,0,0,138,138,19,2503,1093025,1
444134,33597769,22503522,1,0,0,138,138,19,2503,1093025,1
445135,33668450,22552563,1,0,0,138,138,19,2503,1093025,1
446135,33741865,22600851,1,0,0,138,138,19,2503,1093025,1
447135,33812787,22649287,1,0,0,138,138,19,2503,1093025,1
448136,33885266,22697193,1,0,0,138,138,19,2503,1093025,1
449136,33959262,22746496,1,0,0,138,138,19,2503,1093025,1
450138,34031015,22795545,1,0,0,138,138,19,2503,1093025,1
451138,34104859,22845426,1,0,0,138,138,19,2503,1093025,1
452139,34179511,22895436,1,0,0,138,138,19,2503,1093025,1
453139,34248992,22942417,1,0,0,138,138,19,2503,1093025,1
454139,34323015,22992754,1,0,0,138,138,19,2503,1093025,1
455139,34398474,23044086,1,0,0,138,138,19,2503,1093025,1
456139,34475285,23095551,1,0,0,138,138,19,2503,1093025,1
457140,34550583,23145674,1,0,0,138,138,19,2503,1093025,1
458142,34625834,23195958,1,0,0,138,138,19,2503,1093025,1
459142,34701294,23247854,1,0,0,138,138,19,2503,1093025,1
460142,34778611,23299061,1,0,0,138,138,19,2503,1093025,1
461142,34848361,23344420,1,0,0,138,138,19,2503,1093025,1
462143,34921791,23392948,1,0,0,138,138,19,2503,1093025,1
463143,34995593,23442947,1,0,0,138,138,19,2503,1093025,1
464143,35065601,23490592,1,0,0,138,138,19,2503,1093025,1
465144,35138890,23541226,1,0,0,138,138,19,2503,1093025,1
466144,35212322,23589629,1,0,0,138,138,19,2503,1093025,1
467144,35284767,23638232,1,0,0,138,138,19,2503,1093025,1
468145,35354097,23686147,1,0,0,138,138,19,2503,1093025,1
469145,35426852,23735977,1,0,0,138,138,19,2503,1093025,1
470145,35501923,23787989,1,0,0,138,138,19,2503,1093025,1
471145,35574635,23836636,1,0,0,138,138,19,2503,1093025,1
472146,35642491,23882255,1,0,0,138,138,19,2503,1093025,1
473146,35716018,23930698,1,0,0,138,138,19,2503,1093025,1
474146,35790490,23980551,1,0,0,138,138,19,2503,1093025,1
475147,35865598,24030940,1,0,0,138,138,19,2503,1093025,1
476148,35935404,24077964,1,0,0,138,138,19,2503,1093025,1
477148,36011191,24127510,1,0,0,138,138,19,2503,1093025,1
478148,36085467,24179012,1,0,0,138,138,19,2503,1093025,1
479149,36157973,24227505,1,0,0,138,138,19,2503,1093025,1
480149,36228918,24273907,1,0,0,138,138,19,2503,1093025,1
481149,36302756,24323989,1,0,0,138,138,19,2503,1093025,1
482149,36375449,24372119,1,0,0,138,138,19,2503,1093025,1
483149,36451561,24423240,1,0,0,138,138,19,2503,1093025,1
484150,36522376,24470969,1,0,0,138,138,19,2503,1093025,1
485150,36596981,24518133,1,0,0,138,138,19,2503,1093025,1
486150,36666441,24563809,1,0,0,138,138,19,2503,1093025,1
487151,36741302,24614135,1,0,0,138,138,19,2503,1093025,1
488151,36814156,24662362,1,0,0,138,138,19,2503,1093025,1
489151,36884358,24709427,1,0,0,138,138,19,2503,1093025,1
490151,36956151,24759993,1,0,0,138,138,19,2503,1093025,1
491152,37027637,24805649,1,0,0,138,138,19,2503,1093025,1
492152,37101818,24854307,1,0,0,138,138,19,2503,1093025,1
493152,37172926,24903256,1,0,0,138,138,19,2503,1093025,1
494152,37246549,24950985,1,0,0,138,138,19,2503,1093025,1
495152,37320711,25000846,1,0,0,138,138,19,2503,1093025,1
496153,37395986,25050471,1,0,0,138,138,19,2503,1093025,1
497154,37467967,25098923,1,0,0,138,138,19,2503,1093025,1
498154,37544534,25153839,1,0,0,138,138,19,2503,1093025,1
499154,37618371,25204334,1,0,0,138,138,19,2503,1093025,1
500155,37695399,25256823,1,0,0,138,138,19,2503,1093025,1
501155,37766489,25302846,1,0,0,138,138,19,2503,1093025,1
502155,37840885,25353490,1,0,0,138,138,19,2503,1093025,1
503155,37909994,25400958,1,0,0,138,138,19,2503,1093025,1
504155,37979640,25447776,1,0,0,138,138,19,2503,1093025,1
505156,38051614,25494826,1,0,0,138,138,19,2503,1093025,1
506156,38123287,25542112,1,0,0,138,138,19,2503,1093025,1
507156,38191652,25590002,1,0,0,138,138,19,2503,1093025,1
508157,38261031,25637711,1,0,0,138,138,19,2503,1093025,1
509157,38333693,25686597,1,0,0,138,138,19,2503,1093025,1
510157,38403446,25734083,1,0,0,138,138,19,2503,1093025,1
511157,38477259,25782915,1,0,0,138,138,19,2503,1093025,1
512158,38551066,25832395,1,0,0,138,138,19,2503,1093025,1
513158,38622991,25879731,1,0,0,138,138,19,2503,1093025,1
514158,38696061,25927690,1,0,0,138,138,19,2503,1093025,1
515158,38766301,25974664,1,0,0,138,138,19,2503,1093025,1
516159,38841303,26025290,1,0,0,138,138,19,2503,1093025,1
517159,38910520,26070681,1,0,0,138,138,19,2503,1093025,1
518160,38978719,26118894,1,0,0,138,138,19,2503,1093025,1
519160,39043892,26163111,1,0,0,138,138,19,2503,1093025,1
520160,39108371,26204866,1,0,0,138,138,19,2503,1093025,1
521160,39179610,26252482,1,0,0,138,138,19,2503,1093025,1
522161,39253764,26301560,1,0,0,138,138,19,2503,1093025,1
523162,39325344,26348979,1,0,0,138,138,19,2503,1093025,1
524162,39394492,26397020,1,0,0,138,138,19,2503,1093025,1
525163,39464698,26443733,1,0,0,138,138,19,2503,1093025,1
526163,39530462,26487921,1,0,0,138,138,19,2503,1093025,1
527163,39598759,26534391,1,0,0,138,138,19,2503,1093025,1
528163,39668971,26583142,1,0,0,138,138,19,2503,1093025,1
529164,39738161,26630457,1,0,0,138,138,19,2503,1093025,1
530164,39815333,26680867,1,0,0,138,138,19,2503,1093025,1
531164,39883642,26727887,1,0,0,138,138,19,2503,1093025,1
532165,39960861,26778752,1,0,0,138,138,19,2503,1093025,1
533166,40032184,26827897,1,0,0,138,138,19,2503,1093025,1
534166,40106772,26878188,1,0,0,138,138,19,2503,1093025,1
535166,40182498,26928848,1,0,0,138,138,19,2503,1093025,1
536167,40253317,26977407,1,0,0,138,138,19,2503,1093025,1
537167,40326461,27026797,1,0,0,138,138,19,2503,1093025,1
538167,40397113,27074935,1,0,0,138,138,19,2503,1093025,1
539167,40469548,27123472,1,0,0,138,138,19,2503,1093025,1
540168,40545006,27173529,1,0,0,138,138,19,2503,1093025,1
541168,40619638,27224134,1,0,0,138,138,19,2503,1093025,1
542168,40690389,27272790,1,0,0,138,138,19,2503,1093025,1
543169,40767986,27323754,1,0,0,138,138,19,2503,1093025,1
544169,40837717,27369421,1,0,0,138,138,19,2503,1093025,1
545170,40905251,27414020,1,0,0,138,138,19,2503,1093025,1
546171,40974326,27459607,1,0,0,138,138,19,2503,1093025,1
547171,41040564,27504807,1,0,0,138,138,19,2503,1093025,1
548172,41107250,27549781,1,0,0,138,138,19,2503,1093025,1
549172,41173908,27593589,1,0,0,138,138,19,2503,1093025,1
550172,41239329,27635766,1,0,0,138,138,19,2503,1093025,1
551172,41306844,27682454,1,0,0,138,138,19,2503,1093025,1
552173,41381368,27731116,1,0,0,138,138,19,2503,1093025,1
553173,41452172,27778269,1,0,0,138,138,19,2503,1093025,1
554173,41529511,27828842,1,0,0,138,138,19,2503,1093025,1
555174,41598316,27875435,1,0,0,138,138,19,2503,1093025,1
556174,41668813,27923676,1,0,0,138,138,19,2503,1093025,1
557174,41740172,27974191,1,0,0,138,138,19,2503,1093025,1
558174,41812131,28021202,1,0,0,138,138,19,2503,1093025,1
559175,41886630,28070930,1,0,0,138,138,19,2503,1093025,1
560175,41962614,28121208,1,0,0,138,138,19,2503,1093025,1
561175,42033470,28168237,1,0,0,138,138,19,2503,1093025,1
562176,42108834,28220345,1,0,0,138,138,19,2503,1093025,1
563176,42181141,28269208,1,0,0,138,138,19,2503,1093025,1
564176,42256604,28319931,1,0,0,138,138,19,2503,1093025,1
565176,42329301,28367412,1,0,0,138,138,19,2503,1093025,1
566177,42400682,28415490,1,0,0,138,138,19,2503,1093025,1
567178,42476768,28464377,1,0,0,138,138,19,2503,1093025,1
568178,42549325,28512845,1,0,0,138,138,19,2503,1093025,1
569178,42623906,28563715,1,0,0,138,138,19,2503,1093025,1
570179,42696252,28613525,1,0,0,138,138,19,2503,1093025,1
571179,42763990,28660551,1,0,0,138,138,19,2503,1093025,1
572179,42833087,28706377,1,0,0,138,138,19,2503,1093025,1
573180,42901600,28753102,1,0,0,138,138,19,2503,1093025,1
574180,42972525,28802235,1,0,0,138,138,19,2503,1093025,1
575180,43042446,28849033,1,0,0,138,138,19,2503,1093025,1
576180,43113261,28895626,1,0,0,138,138,19,2503,1093025,1
577181,43178994,28939521,1,0,0,138,138,19,2503,1093025,1
578181,43252488,28988413,1,0,0,138,138,19,2503,1093025,1
579181,43324129,29037860,1,0,0,138,138,19,2503,1093025,1
580181,43392979,29083482,1,0,0,138,138,19,2503,1093025,1
581183,43458031,29128547,1,0,0,138,138,19,2503,1093025,1
582184,43525652,29172500,1,0,0,138,138,19,2503,1093025,1
583184,43593976,29218747,1,0,0,138,138,19,2503,1093025,1
584184,43666003,29267951,1,0,0,138,138,19,2503,1093025,1
585185,43734103,29313130,1,0,0,138,138,19,2503,1093025,1
586185,43808654,29363453,1,0,0,138,138,19,2503,1093025,1
587186,43880367,29411225,1,0,0,138,138,19,2503,1093025,1
588186,43949825,29458243,1,0,0,138,138,19,2503,1093025,1
589187,44021612,29507381,1,0,0,138,138,19,2503,1093025,1
590187,44096889,29556269,1,0,0,138,138,19,2503,1093025,1
591187,44169132,29603812,1,0,0,138,138,19,2503,1093025,1
592188,44239887,29651462,1,0,0,138,138,19,2503,1093025,1
593188,44311532,29703043,1,0,0,138,138,19,2503,1093025,1
594188,44386185,29751688,1,0,0,138,138,19,2503,1093025,1
595188,44460747,29801340,1,0,0,138,138,19,2503,1093025,1
596189,44536286,29851263,1,0,0,138,138,19,2503,1093025,1
597189,44607263,29898809,1,0,0,138,138,19,2503,1093025,1
598189,44684999,29950223,1,0,0,138,138,19,2503,1093025,1
599189,44756629,29998846,1,0,0,138,138,19,2503,1093025,1
600190,44835780,30050430,1,0,0,138,138,19,2503,1093025,1
